post_id,subreddit,categoria_modelo,score_modelo,estrato,peso_muestreo
1vf3niv,r/Malware,Malware,1.0,amenaza,1.0
1woli59,r/netsec,Vulnerabilidades,0.5,amenaza,1.0
1vdit0y,r/Malware,Malware,0.5,amenaza,1.0
1wq371y,r/DerechoGenial,No relevante,0.0,no_relevante,21.5
1wtcs22,r/Malware,Vulnerabilidades,0.75,amenaza,1.0
1vbdorb,r/Malware,No relevante,0.0,no_relevante,21.5
1wpw8ek,r/devsarg,No relevante,0.0,no_relevante,21.5
1w2mktz,r/netsec,No relevante,0.0,no_relevante,21.5
1unqnpg,r/Malware,No relevante,0.0,no_relevante,21.5
1u257x9,r/Malware,Malware,1.0,amenaza,1.0
1wtgtig,r/devsarg,No relevante,0.0,no_relevante,21.5
1vbhehl,r/Malware,Malware,1.0,amenaza,1.0
1wroy9z,r/devsarg,No relevante,0.0,no_relevante,21.5
1utzkiq,r/Malware,Malware,0.5,amenaza,1.0
1wrakmm,r/devsarg,No relevante,0.0,no_relevante,21.5
1wn37be,r/netsec,Vulnerabilidades,0.5,amenaza,1.0
1wtn3cv,r/netsec,Vulnerabilidades,0.5,amenaza,1.0
1wtg38l,r/devsarg,No relevante,0.0,no_relevante,21.5
1wsdrv2,r/DerechoGenial,Phishing,0.2,amenaza,1.0
1umy56h,r/Malware,No relevante,0.0,no_relevante,21.5
1vqoudv,r/Malware,Malware,1.0,amenaza,1.0
1wp8r78,r/Malware,Malware,1.0,amenaza,1.0
1wpvfiw,r/devsarg,No relevante,0.0,no_relevante,21.5
1wpkc7q,r/netsec,Vulnerabilidades,0.5,amenaza,1.0
1wq118q,r/devsarg,No relevante,0.0,no_relevante,21.5
1wrwolb,r/DerechoGenial,Phishing,0.2,amenaza,1.0
1w4agtv,r/netsec,Vulnerabilidades,0.5,amenaza,1.0
1wttczo,r/DerechoGenial,No relevante,0.0,no_relevante,21.5
1wq58cx,r/DerechoGenial,No relevante,0.0,no_relevante,21.5
1w6d88z,r/Malware,Malware,0.5,amenaza,1.0
1todldg,r/Malware,Malware,0.75,amenaza,1.0
1wiv6jo,r/Malware,Malware,0.5,amenaza,1.0
1wq2hl3,r/DerechoGenial,No relevante,0.0,no_relevante,21.5
1wojf0n,r/DerechoGenial,No relevante,0.0,no_relevante,21.5
1wqu66k,r/DerechoGenial,Phishing,0.2,amenaza,1.0
1u6t0lk,r/Malware,Malware,0.75,amenaza,1.0
1wr4oql,r/Malware,Malware,0.5,amenaza,1.0
1wtalmw,r/devsarg,No relevante,0.0,no_relevante,21.5
1wdo45j,r/Malware,Vulnerabilidades,0.75,amenaza,1.0
1wsajyx,r/netsec,Vulnerabilidades,0.5,amenaza,1.0
1uxuw11,r/Malware,Vulnerabilidades,0.5,amenaza,1.0
1wr9sr7,r/netsec,No relevante,0.0,no_relevante,21.5
1vyymhq,r/Malware,Vulnerabilidades,0.5,amenaza,1.0
1vxw6ym,r/netsec,No relevante,0.0,no_relevante,21.5
1wsl75z,r/Malware,No relevante,0.0,no_relevante,21.5
1wavvo2,r/Malware,Malware,0.5,amenaza,1.0
1vxrqxb,r/Malware,Malware,0.5,amenaza,1.0
1wtjty7,r/DerechoGenial,No relevante,0.0,no_relevante,21.5
1uz6tiy,r/Malware,Malware,0.5,amenaza,1.0
1wpe0p8,r/DerechoGenial,No relevante,0.0,no_relevante,21.5
